user_genome	classification	closest_genome_reference	closest_genome_reference_radius	closest_genome_taxonomy	closest_genome_ani	closest_genome_af	closest_placement_reference	closest_placement_radius	closest_placement_taxonomy	closest_placement_ani	closest_placement_af	pplacer_taxonomy	classification_method	note	other_related_references(genome_id,species_name,radius,ANI,AF)	msa_percent	translation_table	red_value	warnings
JRP__binette_bin3	d__Bacteria;p__Chloroflexota;c__Dormibacteria;o__Dormibacterales;f__Dormibacteraceae;g__DATAXV01;s__	N/A	N/A	N/A	N/A	N/A	N/A	N/A	N/A	N/A	N/A	d__Bacteria;p__Chloroflexota;c__Dormibacteria;o__Dormibacterales;f__Dormibacteraceae;g__DATAXV01;s__	taxonomic novelty determined using RED	classification based on placement in class-level tree	N/A	71.92	11	0.91115	N/A
JRP__binette_bin4	d__Bacteria;p__Bacillota;c__Bacilli;o__Bacillales_A;f__Planococcaceae;g__Sporosarcina;s__	N/A	N/A	N/A	N/A	N/A	N/A	N/A	N/A	N/A	N/A	d__Bacteria;p__Bacillota;c__Bacilli;o__Bacillales_A;f__Planococcaceae;g__Sporosarcina;s__	taxonomic classification fully defined by topology	classification based on placement in class-level tree	N/A	77.36	11	0.93386	N/A
JR__binette_bin1	d__Bacteria;p__Pseudomonadota;c__Gammaproteobacteria;o__Pseudomonadales;f__Cellvibrionaceae;g__Cellvibrio;s__Cellvibrio sp004173475	GCA_004173475.1	95.0	d__Bacteria;p__Pseudomonadota;c__Gammaproteobacteria;o__Pseudomonadales;f__Cellvibrionaceae;g__Cellvibrio;s__Cellvibrio sp004173475	97.25	0.875	N/A	N/A	N/A	N/A	N/A	N/A	ani_screen	classification based on ANI only	N/A	N/A	N/A	N/A	N/A
JR__binette_bin10	d__Bacteria;p__Pseudomonadota;c__Gammaproteobacteria;o__Pseudomonadales;f__Moraxellaceae;g__Acinetobacter;s__Acinetobacter calcoaceticus_C	GCF_900520355.1	95.0	d__Bacteria;p__Pseudomonadota;c__Gammaproteobacteria;o__Pseudomonadales;f__Moraxellaceae;g__Acinetobacter;s__Acinetobacter calcoaceticus_C	97.65	0.873	N/A	N/A	N/A	N/A	N/A	N/A	ani_screen	classification based on ANI only	GCF_000368065.1, s__Acinetobacter seifertii, 95.0, 89.83, 0.43; GCF_000369045.1, s__Acinetobacter pittii, 95.0, 91.22, 0.599; GCF_031277915.1, s__Acinetobacter sp031277915, 95.0, 89.88, 0.393; GCF_000368965.1, s__Acinetobacter calcoaceticus, 95.0, 94.4, 0.768; GCF_000313935.1, s__Acinetobacter sp000313935, 95.0, 93.51, 0.695; GCF_034067285.1, s__Acinetobacter pittii_E, 95.0, 91.17, 0.592; GCF_001605885.1, s__Acinetobacter lactucae, 95.0, 91.25, 0.592; GCF_009759685.1, s__Acinetobacter baumannii, 95.0, 89.73, 0.401; GCF_041021895.1, s__Acinetobacter sp041021895, 95.0, 89.96, 0.419; GCF_016508255.1, s__Acinetobacter calcoaceticus_E, 95.0, 92.91, 0.654; GCF_000196795.1, s__Acinetobacter oleivorans, 95.0, 93.12, 0.678; GCF_022449185.1, s__Acinetobacter pittii_I, 95.23, 91.14, 0.591; GCF_023920705.1, s__Acinetobacter sp023920705, 95.0, 93.5, 0.701; GCF_000399665.1, s__Acinetobacter calcoaceticus_B, 95.0, 93.54, 0.718; GCF_013009345.1, s__Acinetobacter geminorum, 95.0, 91.19, 0.554; GCF_003410005.1, s__Acinetobacter sp003410005, 95.0, 92.91, 0.677; GCA_025736915.1, s__Acinetobacter nosocomialis_A, 95.0, 89.31, 0.436; GCF_013344765.1, s__Acinetobacter lactucae_A, 95.0, 91.38, 0.549; GCF_034064985.1, s__Acinetobacter pittii_H, 95.0, 91.29, 0.59; GCF_037027805.1, s__Acinetobacter sp037027805, 95.0, 93.41, 0.683; GCF_000368085.1, s__Acinetobacter nosocomialis, 95.0, 89.78, 0.428	N/A	N/A	N/A	N/A
JR__binette_bin14	d__Bacteria;p__Pseudomonadota;c__Alphaproteobacteria;o__Rhizobiales;f__Beijerinckiaceae;g__Microvirga;s__Microvirga tunisiensis	GCF_009296175.1	95.0	d__Bacteria;p__Pseudomonadota;c__Alphaproteobacteria;o__Rhizobiales;f__Beijerinckiaceae;g__Microvirga;s__Microvirga tunisiensis	98.66	0.769	N/A	N/A	N/A	N/A	N/A	N/A	ani_screen	classification based on ANI only	GCF_034627025.1, s__Microvirga lotononidis, 95.0, 87.89, 0.209; GCF_013307435.2, s__Microvirga terrae, 95.0, 87.47, 0.214; GCF_018383585.1, s__Microvirga sp018383585, 95.0, 90.6, 0.44; GCF_024519725.1, s__Microvirga sp024519725, 95.0, 87.8, 0.184; GCA_035944695.1, s__Microvirga sp035944695, 95.0, 88.59, 0.258; GCA_023386155.1, s__Microvirga sp023386155, 95.0, 88.83, 0.228; GCF_013520865.1, s__Microvirga mediterraneensis, 95.0, 88.03, 0.2; GCF_003347665.1, s__Microvirga calopogonii, 95.0, 88.09, 0.212; GCF_002741015.1, s__Microvirga ossetica, 95.0, 87.81, 0.189; GCF_016864375.1, s__Microvirga sp016864375, 95.0, 88.48, 0.257; GCF_025460805.1, s__Microvirga sesbaniae, 95.0, 87.73, 0.203; GCA_000517005.1, s__Microvirga lupini, 95.0, 89.19, 0.317; GCF_036314085.1, s__Microvirga sp036314085, 95.0, 88.85, 0.258	N/A	N/A	N/A	N/A
JR__binette_bin16	d__Bacteria;p__Actinomycetota;c__Thermoleophilia;o__Gaiellales;f__Gaiellaceae;g__Gaiella;s__	N/A	N/A	N/A	N/A	N/A	N/A	N/A	N/A	N/A	N/A	d__Bacteria;p__Actinomycetota;c__Thermoleophilia;o__Gaiellales;f__Gaiellaceae;g__Gaiella;s__	taxonomic classification defined by topology and ANI	classification based on placement in class-level tree	GCA_035716065.1, s__Gaiella sp035716065, 95.0, 91.78, 0.484; GCA_035698965.1, s__Gaiella sp035698965, 95.0, 91.52, 0.477; GCA_036376855.1, s__Gaiella sp036376855, 95.0, 88.38, 0.306	58.92	11	0.99267	N/A
JR__binette_bin17	d__Bacteria;p__Pseudomonadota;c__Gammaproteobacteria;o__Pseudomonadales;f__Pseudomonadaceae;g__Stutzerimonas;s__Stutzerimonas xanthomarina_A	GCA_032075095.1	97.09	d__Bacteria;p__Pseudomonadota;c__Gammaproteobacteria;o__Pseudomonadales;f__Pseudomonadaceae;g__Stutzerimonas;s__Stutzerimonas xanthomarina_A	97.41	0.787	N/A	N/A	N/A	N/A	N/A	N/A	ani_screen	classification based on ANI only	GCF_900114065.1, s__Stutzerimonas kunmingensis, 97.09, 97.36, 0.77; GCF_000219605.1, s__Stutzerimonas stutzeri, 95.0, 89.02, 0.357; GCA_007713455.1, s__Stutzerimonas sp007713455, 97.08, 97.27, 0.777; GCF_002909485.1, s__Stutzerimonas stutzeri_AH, 95.0, 89.65, 0.391; GCF_032106285.1, s__Stutzerimonas kunmingensis_B, 97.08, 97.16, 0.768; GCF_015070855.1, s__Stutzerimonas lopnurensis, 95.0, 87.32, 0.178; GCF_002929225.1, s__Stutzerimonas sp003488145, 97.09, 97.14, 0.775; GCF_000327065.1, s__Stutzerimonas stutzeri_AE, 95.0, 89.96, 0.46; GCA_032105665.1, s__Stutzerimonas sp032105665, 96.13, 96.26, 0.677; GCF_000307775.2, s__Stutzerimonas stutzeri_B, 95.0, 89.02, 0.306; GCF_038561965.1, s__Stutzerimonas stutzeri_AA, 95.0, 89.21, 0.379; GCF_003696315.1, s__Stutzerimonas songnenensis, 95.0, 89.67, 0.451; GCA_030263805.2, s__Stutzerimonas stutzeri_G, 95.0, 93.51, 0.668; GCF_000661915.1, s__Stutzerimonas decontaminans, 95.0, 90.51, 0.487; GCA_032074585.1, s__Stutzerimonas sp032074585, 97.07, 97.22, 0.748; GCF_015291885.1, s__Stutzerimonas stutzeri_AC, 95.0, 89.87, 0.412; GCA_003530955.1, s__Stutzerimonas sp003530955, 95.0, 97.12, 0.701; GCF_024448335.1, s__Stutzerimonas frequens, 95.0, 89.5, 0.423; GCF_014764705.1, s__Stutzerimonas sp002692525, 96.93, 97.15, 0.766; GCF_002890915.1, s__Stutzerimonas stutzeri_AF, 95.0, 87.53, 0.208; GCA_018823765.1, s__Stutzerimonas sp018823765, 97.02, 97.38, 0.763; GCF_000495915.1, s__Stutzerimonas chloritidismutans, 97.08, 97.31, 0.751; GCF_025966695.1, s__Stutzerimonas sp025966695, 95.0, 87.59, 0.165	N/A	N/A	N/A	N/A
JR__binette_bin2	d__Bacteria;p__Bacillota;c__Bacilli;o__Bacillales_B;f__DSM-1321;g__Peribacillus;s__	N/A	N/A	N/A	N/A	N/A	N/A	N/A	N/A	N/A	N/A	d__Bacteria;p__Bacillota;c__Bacilli;o__Bacillales_B;f__DSM-1321;g__Peribacillus;s__	taxonomic classification fully defined by topology	classification based on placement in class-level tree	N/A	93.45	11	0.96693	N/A
JR__binette_bin21	d__Bacteria;p__Actinomycetota;c__Acidimicrobiia;o__Acidimicrobiales;f__JACDCH01;g__ZC4RG19;s__	N/A	N/A	N/A	N/A	N/A	GCA_036280455.1	95.0	d__Bacteria;p__Actinomycetota;c__Acidimicrobiia;o__Acidimicrobiales;f__JACDCH01;g__ZC4RG19;s__ZC4RG19 sp036280455	88.47	0.276	d__Bacteria;p__Actinomycetota;c__Acidimicrobiia;o__Acidimicrobiales;f__JACDCH01;g__ZC4RG19;s__	taxonomic classification defined by topology and ANI	classification based on placement in class-level tree	N/A	59.59	11	0.9884	Genome has more than 15.0% of markers with multiple hits
JR__binette_bin22	d__Bacteria;p__Actinomycetota;c__Actinomycetes;o__Propionibacteriales;f__Nocardioidaceae;g__Nocardioides_C;s__	N/A	N/A	N/A	N/A	N/A	N/A	N/A	N/A	N/A	N/A	d__Bacteria;p__Actinomycetota;c__Actinomycetes;o__Propionibacteriales;f__Nocardioidaceae;g__Nocardioides_C;s__	taxonomic classification fully defined by topology	classification based on placement in class-level tree	N/A	58.24	11	0.94582	N/A
JR__binette_bin3	d__Bacteria;p__Pseudomonadota;c__Gammaproteobacteria;o__Burkholderiales;f__Nitrosomonadaceae;g__Nitrosospira;s__	N/A	N/A	N/A	N/A	N/A	GCF_900113575.1	95.0	d__Bacteria;p__Pseudomonadota;c__Gammaproteobacteria;o__Burkholderiales;f__Nitrosomonadaceae;g__Nitrosospira;s__Nitrosospira sp900113575	89.32	0.357	d__Bacteria;p__Pseudomonadota;c__Gammaproteobacteria;o__Burkholderiales;f__Nitrosomonadaceae;g__Nitrosospira;s__	taxonomic classification defined by topology and ANI	classification based on placement in class-level tree	N/A	85.8	11	0.9848	N/A
JR__binette_bin32	d__Bacteria;p__Bacillota;c__Bacilli;o__Bacillales_B;f__DSM-18226;g__Bacillus_BD;s__	N/A	N/A	N/A	N/A	N/A	N/A	N/A	N/A	N/A	N/A	d__Bacteria;p__Bacillota;c__Bacilli;o__Bacillales_B;f__DSM-18226;g__Bacillus_BD;s__	taxonomic classification fully defined by topology	classification based on placement in class-level tree	N/A	59.23	11	0.9379	Genome has more than 10.8% of markers with multiple hits
JR__binette_bin4	d__Bacteria;p__Pseudomonadota;c__Gammaproteobacteria;o__Pseudomonadales;f__Moraxellaceae;g__Acinetobacter;s__Acinetobacter sp004331285	GCF_004331285.1	95.0	d__Bacteria;p__Pseudomonadota;c__Gammaproteobacteria;o__Pseudomonadales;f__Moraxellaceae;g__Acinetobacter;s__Acinetobacter sp004331285	98.73	0.809	N/A	N/A	N/A	N/A	N/A	N/A	ani_screen	classification based on ANI only	GCF_001647545.1, s__Acinetobacter sp001647545, 95.0, 90.65, 0.586; GCF_013004375.1, s__Acinetobacter terrae, 95.0, 89.87, 0.504; GCF_002365595.1, s__Acinetobacter sp002365595, 95.0, 85.83, 0.268; GCF_000367925.1, s__Acinetobacter bohemicus, 95.0, 85.99, 0.18; GCF_900107285.1, s__Acinetobacter kyonggiensis, 95.0, 85.47, 0.178; GCF_902753875.1, s__Acinetobacter bouvetii_A, 95.0, 84.64, 0.165; GCF_004331155.1, s__Acinetobacter terrestris, 95.0, 89.54, 0.486; GCF_002135315.1, s__Acinetobacter sp002135315, 95.0, 85.37, 0.226; GCF_016599715.1, s__Acinetobacter sp002135245, 95.0, 84.6, 0.153; GCF_004336635.1, s__Acinetobacter sp004336635, 95.0, 89.58, 0.476; GCF_039543765.1, s__Acinetobacter kookii, 95.0, 84.68, 0.188; GCF_002135355.1, s__Acinetobacter sp002135355, 95.0, 86.03, 0.254; GCF_002135335.1, s__Acinetobacter sp002135335, 95.0, 85.23, 0.218	N/A	N/A	N/A	N/A
JR__binette_bin5	d__Bacteria;p__Pseudomonadota;c__Alphaproteobacteria;o__Azospirillales;f__Azospirillaceae;g__Azospirillum;s__	N/A	N/A	N/A	N/A	N/A	GCF_003989665.1	95.0	d__Bacteria;p__Pseudomonadota;c__Alphaproteobacteria;o__Azospirillales;f__Azospirillaceae;g__Azospirillum;s__Azospirillum doebereinerae	94.51	0.679	d__Bacteria;p__Pseudomonadota;c__Alphaproteobacteria;o__Azospirillales;f__Azospirillaceae;g__Azospirillum;s__	taxonomic classification defined by topology and ANI	classification based on placement in class-level tree	GCF_017876095.1, s__Azospirillum agricola, 95.0, 89.7, 0.344	79.9	11	0.99466	Genome not assigned to closest species as it falls outside its pre-defined ANI radius
JR__binette_bin8	d__Bacteria;p__Pseudomonadota;c__Gammaproteobacteria;o__Pseudomonadales;f__Pseudomonadaceae;g__Pseudomonas_E;s__Pseudomonas_E capeferrum	GCF_000731675.1	95.0	d__Bacteria;p__Pseudomonadota;c__Gammaproteobacteria;o__Pseudomonadales;f__Pseudomonadaceae;g__Pseudomonas_E;s__Pseudomonas_E capeferrum	97.27	0.873	N/A	N/A	N/A	N/A	N/A	N/A	ani_screen	classification based on ANI only	GCF_900497695.1, s__Pseudomonas_E wadenswilerensis, 95.0, 84.85, 0.168; GCF_029478665.1, s__Pseudomonas_E entomophila_F, 95.0, 86.85, 0.261; GCF_016648105.1, s__Pseudomonas_E sp016648105, 95.0, 87.21, 0.297; GCA_029953615.1, s__Pseudomonas_E sp002113165, 95.0, 88.0, 0.362; GCF_014268885.2, s__Pseudomonas_E xantholysinigenes, 95.0, 86.5, 0.258; GCF_030159595.1, s__Pseudomonas_E putida_AC, 95.0, 88.2, 0.399; GCF_031455735.1, s__Pseudomonas_E sp017875955, 95.0, 86.12, 0.216; GCF_902497775.2, s__Pseudomonas_E putida_F, 95.0, 85.05, 0.163; GCF_916618955.1, s__Pseudomonas_E sp916618955, 95.0, 87.9, 0.37; GCF_033095865.1, s__Pseudomonas_E sp033095865, 95.0, 87.61, 0.33; GCA_041071465.1, s__Pseudomonas_E putida_P, 95.0, 87.99, 0.411; GCF_900291015.1, s__Pseudomonas_E sp900291015, 95.0, 88.16, 0.363; GCA_041879295.1, s__Pseudomonas_E putida_Y, 95.0, 87.45, 0.326; GCF_009932375.1, s__Pseudomonas_E juntendi, 95.0, 86.84, 0.271; GCF_007677725.1, s__Pseudomonas_E sp003445295, 95.0, 85.91, 0.215; GCF_020151015.1, s__Pseudomonas_E putida_K, 95.0, 86.42, 0.228; GCF_000026105.1, s__Pseudomonas_E entomophila, 95.0, 86.8, 0.258; GCF_015680405.1, s__Pseudomonas_E pudica, 95.0, 88.13, 0.364; GCF_003231305.1, s__Pseudomonas_E sichuanensis, 95.0, 87.28, 0.282; GCF_005080685.1, s__Pseudomonas_E putida_V, 95.0, 87.11, 0.283; GCF_029836165.1, s__Pseudomonas_E sp029836165, 95.0, 86.72, 0.271; GCF_014268805.2, s__Pseudomonas_E farsensis, 95.0, 85.88, 0.194; GCF_019139675.1, s__Pseudomonas_E maumuensis, 95.0, 86.93, 0.284; GCF_021601385.1, s__Pseudomonas_E parasichuanensis, 95.0, 87.25, 0.278; GCF_024749165.1, s__Pseudomonas_E sp024749165, 95.0, 86.77, 0.263; GCF_023277925.1, s__Pseudomonas_E entomophila_D, 95.0, 87.01, 0.249; GCF_034387475.1, s__Pseudomonas_E sp034387475, 95.0, 87.23, 0.29; GCF_014268935.2, s__Pseudomonas_E peradeniyensis, 95.0, 87.26, 0.282; GCF_015680245.1, s__Pseudomonas_E guariconensis_C, 95.0, 85.93, 0.21; GCF_009883635.2, s__Pseudomonas_E putida_W, 95.0, 87.95, 0.378; GCF_000730645.1, s__Pseudomonas_E parafulva, 95.0, 86.26, 0.208; GCF_039673335.1, s__Pseudomonas_E sp039673335, 95.0, 88.36, 0.384; GCF_001320245.1, s__Pseudomonas_E sp001320245, 95.0, 87.45, 0.349; GCF_026625125.1, s__Pseudomonas_E putida_X, 95.0, 87.2, 0.322; GCF_019139535.1, s__Pseudomonas_E muyukensis, 95.0, 87.19, 0.276; GCF_014269205.2, s__Pseudomonas_E kermanshahensis, 95.0, 90.99, 0.601; GCF_000282535.1, s__Pseudomonas_E sp000282535, 95.0, 87.64, 0.335; GCF_015680295.1, s__Pseudomonas_E guariconensis_D, 95.0, 86.09, 0.216; GCF_024349685.1, s__Pseudomonas_E sp024349685, 95.0, 87.84, 0.341; GCF_004357765.1, s__Pseudomonas_E putida_U, 95.0, 86.56, 0.253; GCF_009932335.1, s__Pseudomonas_E asiatica, 95.0, 88.05, 0.357; GCF_039672635.1, s__Pseudomonas_E sp039672635, 95.0, 88.23, 0.376; GCF_011752525.1, s__Pseudomonas_E sp011752525, 95.0, 86.84, 0.246; GCF_022405695.1, s__Pseudomonas_E entomophila_E, 95.0, 86.84, 0.26; GCF_003331055.1, s__Pseudomonas_E sp003331055, 95.0, 88.09, 0.352; GCF_003205205.1, s__Pseudomonas_E sp003205205, 95.0, 87.2, 0.341; GCF_014268815.2, s__Pseudomonas_E urmiensis, 95.0, 86.31, 0.234; GCF_000412675.1, s__Pseudomonas_E putida, 95.0, 88.12, 0.382; GCF_000935045.1, s__Pseudomonas_E sp000935045, 95.0, 88.09, 0.354; GCF_015680235.1, s__Pseudomonas_E guariconensis_A, 95.0, 86.64, 0.223; GCF_019139895.1, s__Pseudomonas_E fakonensis, 95.0, 86.73, 0.252; GCF_016658545.1, s__Pseudomonas_E sp016658545, 95.0, 87.96, 0.355; GCF_900110655.1, s__Pseudomonas_E soli, 95.0, 86.9, 0.263; GCF_022533585.1, s__Pseudomonas_E sp001642705, 95.0, 88.32, 0.389; GCF_014269025.2, s__Pseudomonas_E promysalinigenes, 95.0, 85.92, 0.209; GCF_900536025.1, s__Pseudomonas_E reidholzensis, 95.0, 87.02, 0.286; GCF_021602585.1, s__Pseudomonas_E faucium, 95.0, 88.54, 0.405; GCF_036324125.1, s__Pseudomonas_E sp036324125, 95.0, 84.98, 0.156; GCA_947090765.1, s__Pseudomonas_E sp947090765, 95.0, 88.06, 0.368; GCF_000425785.1, s__Pseudomonas_E taiwanensis, 95.0, 86.8, 0.289; GCF_013179515.1, s__Pseudomonas_E sp013179515, 95.0, 87.88, 0.335; GCF_963518285.1, s__Pseudomonas_E sp963518285, 95.0, 85.77, 0.185; GCF_000498395.2, s__Pseudomonas_E putida_Q, 95.0, 87.9, 0.368; GCF_025905425.1, s__Pseudomonas_E putida_AF, 95.0, 91.19, 0.632; GCF_014269035.2, s__Pseudomonas_E vlassakiae, 95.0, 87.57, 0.345; GCF_028898945.1, s__Pseudomonas_E sp028898945, 95.0, 87.24, 0.29; GCF_003097235.1, s__Pseudomonas_E sp003097235, 95.0, 88.22, 0.367; GCF_005796105.1, s__Pseudomonas_E mosselii_C, 95.0, 85.45, 0.188; GCF_002741075.1, s__Pseudomonas_E putida_T, 95.0, 85.82, 0.212; GCF_000708715.2, s__Pseudomonas_E putida_R, 95.0, 88.22, 0.394; GCF_000259195.1, s__Pseudomonas_E donghuensis, 95.0, 84.89, 0.162; GCF_001636055.1, s__Pseudomonas_E putida_B, 95.0, 86.23, 0.244; GCA_031253995.1, s__Pseudomonas_E sp031253995, 95.0, 85.38, 0.151; GCF_026898135.2, s__Pseudomonas_E fortuita, 95.0, 87.67, 0.368; GCF_014268785.2, s__Pseudomonas_E shirazensis, 95.0, 85.79, 0.171; GCF_002386445.1, s__Pseudomonas_E sp002386445, 95.0, 87.54, 0.35; GCF_021602025.1, s__Pseudomonas_E ceruminis, 95.0, 87.58, 0.362; GCF_000730665.1, s__Pseudomonas_E plecoglossicida, 95.0, 88.01, 0.353; GCF_018417595.1, s__Pseudomonas_E entomophila_C, 95.0, 86.93, 0.265; GCF_000730605.1, s__Pseudomonas_E monteilii, 95.0, 88.31, 0.409; GCF_009391885.1, s__Pseudomonas_E sp009391885, 95.0, 88.11, 0.393; GCF_014269225.2, s__Pseudomonas_E anuradhapurensis, 95.0, 87.73, 0.328; GCF_018417635.1, s__Pseudomonas_E sp900101695, 95.0, 84.84, 0.174; GCF_900102675.1, s__Pseudomonas_E guariconensis, 95.0, 85.83, 0.211; GCF_019823065.1, s__Pseudomonas_E mosselii, 95.0, 86.93, 0.278; GCF_000800255.1, s__Pseudomonas_E parafulva_A, 95.0, 85.39, 0.169; GCF_002025705.1, s__Pseudomonas_E putida_J, 95.0, 87.73, 0.335; GCF_035277045.1, s__Pseudomonas_E sp035277045, 95.0, 85.19, 0.167; GCF_029193575.1, s__Pseudomonas_E entomophila_G, 95.0, 87.21, 0.287; GCF_029840925.1, s__Pseudomonas_E sp029840925, 95.0, 86.28, 0.248; GCF_011752565.1, s__Pseudomonas_E sp011752565, 95.0, 87.7, 0.336; GCF_017744435.1, s__Pseudomonas_E sp017744435, 95.0, 88.03, 0.36; GCF_024127895.1, s__Pseudomonas_E guariconensis_B, 95.0, 86.91, 0.274; GCF_021283545.2, s__Pseudomonas_E alloputida, 95.44, 87.69, 0.352; GCF_030272895.1, s__Pseudomonas_E sp030272895, 95.0, 85.39, 0.18; GCA_029202525.1, s__Pseudomonas_E phytovorans, 95.0, 87.66, 0.373; GCF_015354575.1, s__Pseudomonas_E sp015354575, 95.0, 87.11, 0.262; GCF_002112505.1, s__Pseudomonas_E sp002112505, 95.0, 88.16, 0.374; GCF_040214835.1, s__Pseudomonas_E putida_Z, 96.09, 88.3, 0.372; GCF_014269185.2, s__Pseudomonas_E oryzicola, 95.0, 87.89, 0.355; GCF_003627215.1, s__Pseudomonas_E sp001422615, 95.0, 87.59, 0.363; GCF_004519305.1, s__Pseudomonas_E sp004519305, 95.0, 86.85, 0.274; GCA_014268975.2, s__Pseudomonas_E wayambapalatensis, 95.0, 86.32, 0.227; GCF_016406145.1, s__Pseudomonas_E putida_E, 95.0, 87.49, 0.333; GCF_002906855.1, s__Pseudomonas_E putida_N, 95.0, 87.8, 0.371; GCF_003205295.1, s__Pseudomonas_E mosselii_B, 95.0, 86.83, 0.271; GCF_002165135.1, s__Pseudomonas_E sp002165135, 95.0, 87.95, 0.352; GCF_900277125.1, s__Pseudomonas_E inefficax, 95.0, 87.97, 0.35	N/A	N/A	N/A	N/A
JR__binette_bin9	d__Bacteria;p__Actinomycetota;c__Actinomycetes;o__Actinomycetales;f__Microbacteriaceae;g__Agromyces;s__	N/A	N/A	N/A	N/A	N/A	N/A	N/A	N/A	N/A	N/A	d__Bacteria;p__Actinomycetota;c__Actinomycetes;o__Actinomycetales;f__Microbacteriaceae;g__Agromyces;s__	taxonomic classification defined by topology and ANI	classification based on placement in class-level tree	GCA_036378815.1, s__Agromyces sp036378815, 95.0, 86.68, 0.246; GCF_902809835.1, s__Agromyces sp902809835, 95.0, 86.5, 0.265	61.93	11	0.97921	N/A
JSP__binette_bin10	d__Bacteria;p__Gemmatimonadota;c__Gemmatimonadetes;o__Gemmatimonadales;f__Gemmatimonadaceae;g__UBA4720;s__	N/A	N/A	N/A	N/A	N/A	GCA_036514115.1	95.0	d__Bacteria;p__Gemmatimonadota;c__Gemmatimonadetes;o__Gemmatimonadales;f__Gemmatimonadaceae;g__UBA4720;s__UBA4720 sp036514115	85.45	0.168	d__Bacteria;p__Gemmatimonadota;c__Gemmatimonadetes;o__Gemmatimonadales;f__Gemmatimonadaceae;g__UBA4720;s__	taxonomic classification defined by topology and ANI	classification based on placement in class-level tree	N/A	72.68	11	0.99082	N/A
JSP__binette_bin14	d__Bacteria;p__Actinomycetota;c__Thermoleophilia;o__Solirubrobacterales;f__Solirubrobacteraceae;g__DATAEY01;s__DATAEY01 sp035264745	GCA_035264745.1	95.0	d__Bacteria;p__Actinomycetota;c__Thermoleophilia;o__Solirubrobacterales;f__Solirubrobacteraceae;g__DATAEY01;s__DATAEY01 sp035264745	98.29	0.74	N/A	N/A	N/A	N/A	N/A	N/A	ani_screen	classification based on ANI only	GCA_036257715.1, s__DATAEY01 sp036257715, 95.0, 87.87, 0.259	N/A	N/A	N/A	N/A
JSP__binette_bin17	d__Bacteria;p__Actinomycetota;c__Thermoleophilia;o__Gaiellales;f__Gaiellaceae;g__Palsa-739;s__	N/A	N/A	N/A	N/A	N/A	N/A	N/A	N/A	N/A	N/A	d__Bacteria;p__Actinomycetota;c__Thermoleophilia;o__Gaiellales;f__Gaiellaceae;g__Palsa-739;s__	taxonomic classification defined by topology and ANI	classification based on placement in class-level tree	GCA_025927435.1, s__Palsa-739 sp025927435, 95.0, 89.28, 0.492; GCA_035273125.1, s__Palsa-739 sp035273125, 95.0, 88.85, 0.484; GCA_035262765.1, s__Palsa-739 sp035262765, 95.0, 85.79, 0.19; GCA_036494245.1, s__Palsa-739 sp036494245, 95.0, 85.55, 0.222; GCA_025933895.1, s__Palsa-739 sp025933895, 95.0, 85.37, 0.187; GCA_005883365.1, s__Palsa-739 sp005883365, 95.0, 85.14, 0.168; GCA_036526375.1, s__Palsa-739 sp036526375, 95.0, 85.09, 0.22; GCA_035252585.1, s__Palsa-739 sp035252585, 95.0, 85.04, 0.211; GCA_035653395.1, s__Palsa-739 sp035653395, 95.0, 84.98, 0.234; GCA_036490825.1, s__Palsa-739 sp036490825, 95.0, 84.97, 0.208; GCA_036273695.1, s__Palsa-739 sp036273695, 95.0, 84.95, 0.232; GCA_035279325.1, s__Palsa-739 sp035279325, 95.0, 84.86, 0.221; GCA_035764085.1, s__Palsa-739 sp035764085, 95.0, 84.85, 0.207; GCA_036271615.1, s__Palsa-739 sp036271615, 95.0, 84.83, 0.214; GCA_035653435.1, s__Palsa-739 sp035653435, 95.0, 84.67, 0.194; GCA_036723535.1, s__Palsa-739 sp036723535, 95.0, 84.55, 0.161; GCA_036007185.1, s__Palsa-739 sp036007185, 95.0, 84.54, 0.166; GCA_035713675.1, s__Palsa-739 sp035713675, 95.0, 84.34, 0.162; GCA_025928515.1, s__Palsa-739 sp025928515, 95.0, 84.31, 0.208; GCA_035706005.1, s__Palsa-739 sp035706005, 95.0, 84.31, 0.193; GCA_025936995.1, s__Palsa-739 sp025936995, 95.0, 84.04, 0.177; GCA_036496985.1, s__Palsa-739 sp036496985, 95.0, 83.82, 0.158	76.59	11	0.98548	N/A
JSP__binette_bin2	d__Bacteria;p__Bacteroidota;c__Bacteroidia;o__Chitinophagales;f__Chitinophagaceae;g__VBAS01;s__	N/A	N/A	N/A	N/A	N/A	N/A	N/A	N/A	N/A	N/A	d__Bacteria;p__Bacteroidota;c__Bacteroidia;o__Chitinophagales;f__Chitinophagaceae;g__VBAS01;s__	taxonomic classification fully defined by topology	classification based on placement in class-level tree	N/A	79.15	11	0.98219	N/A
JSP__binette_bin25	d__Bacteria;p__Pseudomonadota;c__Gammaproteobacteria;o__Burkholderiales;f__SG8-41;g__JAQGMV01;s__	N/A	N/A	N/A	N/A	N/A	N/A	N/A	N/A	N/A	N/A	d__Bacteria;p__Pseudomonadota;c__Gammaproteobacteria;o__Burkholderiales;f__SG8-41;g__JAQGMV01;s__	taxonomic classification fully defined by topology	classification based on placement in class-level tree	N/A	63.34	11	0.91295	N/A
JSP__binette_bin26	d__Bacteria;p__Actinomycetota;c__UBA4738;o__UBA4738;f__HRBIN12;g__JAOUEA01;s__	N/A	N/A	N/A	N/A	N/A	GCA_035535815.1	95.0	d__Bacteria;p__Actinomycetota;c__UBA4738;o__UBA4738;f__HRBIN12;g__JAOUEA01;s__JAOUEA01 sp035535815	91.29	0.537	d__Bacteria;p__Actinomycetota;c__UBA4738;o__UBA4738;f__HRBIN12;g__JAOUEA01;s__	taxonomic classification defined by topology and ANI	classification based on placement in class-level tree	N/A	73.57	11	0.99245	Genome not assigned to closest species as it falls outside its pre-defined ANI radius
JSP__binette_bin28	d__Bacteria;p__Verrucomicrobiota;c__Verrucomicrobiia;o__Limisphaerales;f__SIBH01;g__JANNGC01;s__	N/A	N/A	N/A	N/A	N/A	N/A	N/A	N/A	N/A	N/A	d__Bacteria;p__Verrucomicrobiota;c__Verrucomicrobiia;o__Limisphaerales;f__SIBH01;g__JANNGC01;s__	taxonomic classification fully defined by topology	classification based on placement in class-level tree	N/A	65.47	11	0.89934	N/A
JSP__binette_bin31	d__Bacteria;p__Actinomycetota;c__Thermoleophilia;o__Gaiellales;f__Gaiellaceae;g__3-1-20CM-4-69-9;s__	N/A	N/A	N/A	N/A	N/A	N/A	N/A	N/A	N/A	N/A	d__Bacteria;p__Actinomycetota;c__Thermoleophilia;o__Gaiellales;f__Gaiellaceae;g__3-1-20CM-4-69-9;s__	taxonomic classification defined by topology and ANI	classification based on placement in class-level tree	GCA_038237145.1, s__3-1-20CM-4-69-9 sp038237145, 95.0, 88.49, 0.407; GCA_036741295.1, s__3-1-20CM-4-69-9 sp036741295, 95.0, 85.78, 0.237; GCA_030854665.1, s__3-1-20CM-4-69-9 sp030854665, 95.0, 85.75, 0.233; GCA_041493175.1, s__3-1-20CM-4-69-9 sp041493175, 95.0, 85.42, 0.211; GCA_036393535.1, s__3-1-20CM-4-69-9 sp036393535, 95.0, 85.11, 0.235; GCA_030773975.1, s__3-1-20CM-4-69-9 sp030773975, 95.0, 83.91, 0.159	68.35	11	0.98398	N/A
JSP__binette_bin35	d__Bacteria;p__Verrucomicrobiota;c__Verrucomicrobiia;o__Chthoniobacterales;f__UBA10450;g__Udaeobacter;s__	N/A	N/A	N/A	N/A	N/A	GCA_036502745.1	95.0	d__Bacteria;p__Verrucomicrobiota;c__Verrucomicrobiia;o__Chthoniobacterales;f__UBA10450;g__Udaeobacter;s__Udaeobacter sp036502745	N/A	N/A	d__Bacteria;p__Verrucomicrobiota;c__Verrucomicrobiia;o__Chthoniobacterales;f__UBA10450;g__Udaeobacter;s__	taxonomic classification defined by topology and ANI	classification based on placement in class-level tree	GCA_036525475.1, s__Udaeobacter sp036525475, 95.0, 87.82, 0.188; GCA_036494375.1, s__Udaeobacter sp036494375, 95.0, 86.74, 0.206; GCA_036002955.1, s__Udaeobacter sp036002955, 95.0, 86.44, 0.206; GCA_036488345.1, s__Udaeobacter sp036488345, 95.0, 86.42, 0.232	66.3	11	0.99088	N/A
JSP__binette_bin36	d__Bacteria;p__Actinomycetota;c__Actinomycetes;o__Mycobacteriales;f__Pseudonocardiaceae;g__Actinophytocola;s__	N/A	N/A	N/A	N/A	N/A	GCA_035995025.1	95.0	d__Bacteria;p__Actinomycetota;c__Actinomycetes;o__Mycobacteriales;f__Pseudonocardiaceae;g__Actinophytocola;s__Actinophytocola sp035995025	90.46	0.348	d__Bacteria;p__Actinomycetota;c__Actinomycetes;o__Mycobacteriales;f__Pseudonocardiaceae;g__Actinophytocola;s__	taxonomic classification defined by topology and ANI	classification based on placement in class-level tree	GCF_036555685.1, s__Actinophytocola sp036555685, 95.0, 88.1, 0.156	40.09	11	0.98835	N/A
JSP__binette_bin4	d__Bacteria;p__Acidobacteriota;c__Blastocatellia;o__Pyrinomonadales;f__Pyrinomonadaceae;g__OLB17;s__	N/A	N/A	N/A	N/A	N/A	N/A	N/A	N/A	N/A	N/A	d__Bacteria;p__Acidobacteriota;c__Blastocatellia;o__Pyrinomonadales;f__Pyrinomonadaceae;g__OLB17;s__	taxonomic classification fully defined by topology	classification based on placement in class-level tree	N/A	78.83	11	0.96477	N/A
JSP__binette_bin42	d__Bacteria;p__Actinomycetota;c__Rubrobacteria;o__Rubrobacterales;f__Rubrobacteraceae;g__Rubrobacter_F;s__	N/A	N/A	N/A	N/A	N/A	N/A	N/A	N/A	N/A	N/A	d__Bacteria;p__Actinomycetota;c__Rubrobacteria;o__Rubrobacterales;f__Rubrobacteraceae;g__Rubrobacter_F;s__	taxonomic classification fully defined by topology	classification based on placement in class-level tree	N/A	55.98	11	0.96052	N/A
JS__binette_bin1	d__Bacteria;p__Acidobacteriota;c__Vicinamibacteria;o__Vicinamibacterales;f__UBA2999;g__Gp6-AA45;s__	N/A	N/A	N/A	N/A	N/A	N/A	N/A	N/A	N/A	N/A	d__Bacteria;p__Acidobacteriota;c__Vicinamibacteria;o__Vicinamibacterales;f__UBA2999;g__Gp6-AA45;s__	taxonomic classification fully defined by topology	classification based on placement in class-level tree	N/A	71.84	11	0.94826	N/A
JS__binette_bin10	d__Bacteria;p__Pseudomonadota;c__Gammaproteobacteria;o__Steroidobacterales;f__Steroidobacteraceae;g__CADEED01;s__	N/A	N/A	N/A	N/A	N/A	GCA_035279135.1	95.0	d__Bacteria;p__Pseudomonadota;c__Gammaproteobacteria;o__Steroidobacterales;f__Steroidobacteraceae;g__CADEED01;s__CADEED01 sp035279135	85.71	0.352	d__Bacteria;p__Pseudomonadota;c__Gammaproteobacteria;o__Steroidobacterales;f__Steroidobacteraceae;g__CADEED01;s__	taxonomic classification defined by topology and ANI	classification based on placement in class-level tree	N/A	82.17	11	0.9856	N/A
JS__binette_bin12	d__Bacteria;p__Acidobacteriota;c__Vicinamibacteria;o__Vicinamibacterales;f__UBA2999;g__JAMQPK01;s__	N/A	N/A	N/A	N/A	N/A	N/A	N/A	N/A	N/A	N/A	d__Bacteria;p__Acidobacteriota;c__Vicinamibacteria;o__Vicinamibacterales;f__UBA2999;g__JAMQPK01;s__	taxonomic classification fully defined by topology	classification based on placement in class-level tree	N/A	70.0	11	0.90263	N/A
JS__binette_bin13	d__Bacteria;p__Gemmatimonadota;c__Gemmatimonadetes;o__Gemmatimonadales;f__GWC2-71-9;g__JACDDX01;s__	N/A	N/A	N/A	N/A	N/A	GCA_035540075.1	95.0	d__Bacteria;p__Gemmatimonadota;c__Gemmatimonadetes;o__Gemmatimonadales;f__GWC2-71-9;g__JACDDX01;s__JACDDX01 sp035540075	91.52	0.631	d__Bacteria;p__Gemmatimonadota;c__Gemmatimonadetes;o__Gemmatimonadales;f__GWC2-71-9;g__JACDDX01;s__	taxonomic classification defined by topology and ANI	classification based on placement in class-level tree	GCA_036556505.1, s__JACDDX01 sp036556505, 95.0, 84.95, 0.268	77.7	11	0.98499	Genome not assigned to closest species as it falls outside its pre-defined ANI radius
JS__binette_bin14	d__Bacteria;p__Pseudomonadota;c__Gammaproteobacteria;o__Burkholderiales;f__SG8-41;g__PALSA-1004;s__	N/A	N/A	N/A	N/A	N/A	N/A	N/A	N/A	N/A	N/A	d__Bacteria;p__Pseudomonadota;c__Gammaproteobacteria;o__Burkholderiales;f__SG8-41;g__PALSA-1004;s__	taxonomic classification fully defined by topology	classification based on placement in class-level tree	N/A	84.95	11	0.92218	N/A
JS__binette_bin19	d__Bacteria;p__Acidobacteriota;c__Vicinamibacteria;o__Vicinamibacterales;f__UBA2999;g__Gp6-AA40;s__	N/A	N/A	N/A	N/A	N/A	N/A	N/A	N/A	N/A	N/A	d__Bacteria;p__Acidobacteriota;c__Vicinamibacteria;o__Vicinamibacterales;f__UBA2999;g__Gp6-AA40;s__	taxonomic classification fully defined by topology	classification based on placement in class-level tree	N/A	55.34	11	0.97436	N/A
JS__binette_bin2	d__Bacteria;p__Verrucomicrobiota;c__Verrucomicrobiia;o__Limisphaerales;f__DASVNK01;g__;s__	N/A	N/A	N/A	N/A	N/A	N/A	N/A	N/A	N/A	N/A	d__Bacteria;p__Verrucomicrobiota;c__Verrucomicrobiia;o__Limisphaerales;f__DASVNK01;g__;s__	taxonomic novelty determined using RED	classification based on placement in class-level tree	N/A	85.19	11	0.8895	N/A
JS__binette_bin20	d__Bacteria;p__Actinomycetota;c__UBA4738;o__UBA4738;f__HRBIN12;g__AC-51;s__	N/A	N/A	N/A	N/A	N/A	N/A	N/A	N/A	N/A	N/A	d__Bacteria;p__Actinomycetota;c__UBA4738;o__UBA4738;f__HRBIN12;g__AC-51;s__	taxonomic classification defined by topology and ANI	classification based on placement in class-level tree	GCA_036265325.1, s__AC-51 sp036265325, 95.0, 85.37, 0.323; GCA_036007245.1, s__AC-51 sp036007245, 95.0, 84.97, 0.272	55.92	11	0.97788	N/A
JS__binette_bin3	d__Bacteria;p__Pseudomonadota;c__Gammaproteobacteria;o__Steroidobacterales;f__Steroidobacteraceae;g__CADEEJ01;s__	N/A	N/A	N/A	N/A	N/A	GCA_036004505.1	95.0	d__Bacteria;p__Pseudomonadota;c__Gammaproteobacteria;o__Steroidobacterales;f__Steroidobacteraceae;g__CADEEJ01;s__CADEEJ01 sp036004505	92.0	0.685	d__Bacteria;p__Pseudomonadota;c__Gammaproteobacteria;o__Steroidobacterales;f__Steroidobacteraceae;g__CADEEJ01;s__	taxonomic classification defined by topology and ANI	classification based on placement in class-level tree	GCA_035277305.1, s__CADEEJ01 sp035277305, 95.0, 89.72, 0.556; GCA_035275585.1, s__CADEEJ01 sp035275585, 95.0, 86.86, 0.342; GCA_036555785.1, s__CADEEJ01 sp036555785, 95.0, 86.3, 0.319; GCA_035278165.1, s__CADEEJ01 sp035278165, 95.0, 84.75, 0.176; GCA_035606615.1, s__CADEEJ01 sp035606615, 95.0, 84.73, 0.174; GCA_035275145.1, s__CADEEJ01 sp035275145, 95.0, 84.48, 0.154; GCA_035493235.1, s__CADEEJ01 sp035493235, 95.0, 84.14, 0.151	60.29	11	0.99013	Genome not assigned to closest species as it falls outside its pre-defined ANI radius
JS__binette_bin30	d__Bacteria;p__Actinomycetota;c__Thermoleophilia;o__Solirubrobacterales;f__Thermoleophilaceae;g__;s__	N/A	N/A	N/A	N/A	N/A	N/A	N/A	N/A	N/A	N/A	d__Bacteria;p__Actinomycetota;c__Thermoleophilia;o__Solirubrobacterales;f__Thermoleophilaceae;g__;s__	taxonomic novelty determined using RED	classification based on placement in class-level tree	N/A	44.56	11	0.84405	N/A
JS__binette_bin32	d__Bacteria;p__Pseudomonadota;c__Alphaproteobacteria;o__Rhizobiales;f__Xanthobacteraceae;g__Bradyrhizobium;s__	N/A	N/A	N/A	N/A	N/A	N/A	N/A	N/A	N/A	N/A	d__Bacteria;p__Pseudomonadota;c__Alphaproteobacteria;o__Rhizobiales;f__Xanthobacteraceae;g__Bradyrhizobium;s__	taxonomic classification fully defined by topology	classification based on placement in class-level tree	N/A	53.73	11	0.97787	Genome has more than 11.7% of markers with multiple hits
JS__binette_bin4	d__Bacteria;p__Acidobacteriota;c__Terriglobia;o__20CM-2-55-15;f__20CM-2-55-15;g__JBGPBY01;s__	N/A	N/A	N/A	N/A	N/A	N/A	N/A	N/A	N/A	N/A	d__Bacteria;p__Acidobacteriota;c__Terriglobia;o__20CM-2-55-15;f__20CM-2-55-15;g__JBGPBY01;s__	taxonomic novelty determined using RED	classification based on placement in class-level tree	N/A	80.62	11	0.90759	N/A
JS__binette_bin5	d__Bacteria;p__Planctomycetota;c__Phycisphaerae;o__Phycisphaerales;f__UBA1924;g__JAEYTB01;s__	N/A	N/A	N/A	N/A	N/A	N/A	N/A	N/A	N/A	N/A	d__Bacteria;p__Planctomycetota;c__Phycisphaerae;o__Phycisphaerales;f__UBA1924;g__JAEYTB01;s__	taxonomic novelty determined using RED	classification based on placement in class-level tree	N/A	81.02	11	0.91994	N/A
JS__binette_bin6	d__Bacteria;p__Pseudomonadota;c__Alphaproteobacteria;o__Rhizobiales;f__Xanthobacteraceae;g__VAZQ01;s__	N/A	N/A	N/A	N/A	N/A	N/A	N/A	N/A	N/A	N/A	d__Bacteria;p__Pseudomonadota;c__Alphaproteobacteria;o__Rhizobiales;f__Xanthobacteraceae;g__VAZQ01;s__	taxonomic classification fully defined by topology	classification based on placement in class-level tree	N/A	82.19	11	0.9607	N/A
JS__binette_bin7	d__Bacteria;p__Chloroflexota;c__Limnocylindria;o__Limnocylindrales;f__CSP1-4;g__CF-46;s__	N/A	N/A	N/A	N/A	N/A	GCA_036561285.1	95.0	d__Bacteria;p__Chloroflexota;c__Limnocylindria;o__Limnocylindrales;f__CSP1-4;g__CF-46;s__CF-46 sp036561285	87.25	0.185	d__Bacteria;p__Chloroflexota;c__Limnocylindria;o__Limnocylindrales;f__CSP1-4;g__CF-46;s__	taxonomic classification defined by topology and ANI	classification based on placement in class-level tree	N/A	82.13	11	0.97	N/A
JS__binette_bin8	d__Bacteria;p__Actinomycetota;c__Actinomycetes;o__Mycobacteriales;f__Micromonosporaceae;g__Rhizocola;s__	N/A	N/A	N/A	N/A	N/A	GCF_016862955.1	95.0	d__Bacteria;p__Actinomycetota;c__Actinomycetes;o__Mycobacteriales;f__Micromonosporaceae;g__Rhizocola;s__Rhizocola hellebori	85.81	0.233	d__Bacteria;p__Actinomycetota;c__Actinomycetes;o__Mycobacteriales;f__Micromonosporaceae;g__Rhizocola;s__	taxonomic classification defined by topology and ANI	classification based on placement in class-level tree	N/A	67.1	11	0.99091	N/A
JS__binette_bin9	d__Bacteria;p__Actinomycetota;c__UBA4738;o__UBA4738;f__HRBIN12;g__AC-51;s__	N/A	N/A	N/A	N/A	N/A	N/A	N/A	N/A	N/A	N/A	d__Bacteria;p__Actinomycetota;c__UBA4738;o__UBA4738;f__HRBIN12;g__AC-51;s__	taxonomic classification defined by topology and ANI	classification based on placement in class-level tree	GCA_036007245.1, s__AC-51 sp036007245, 95.0, 84.28, 0.208; GCA_036265325.1, s__AC-51 sp036265325, 95.0, 84.15, 0.224	68.25	11	0.9783	N/A
LRP__binette_bin14	d__Bacteria;p__Gemmatimonadota;c__Gemmatimonadetes;o__Gemmatimonadales;f__GWC2-71-9;g__20CM-2-65-7;s__	N/A	N/A	N/A	N/A	N/A	N/A	N/A	N/A	N/A	N/A	d__Bacteria;p__Gemmatimonadota;c__Gemmatimonadetes;o__Gemmatimonadales;f__GWC2-71-9;g__20CM-2-65-7;s__	taxonomic classification fully defined by topology	classification based on placement in class-level tree	N/A	78.85	11	0.97109	N/A
LRP__binette_bin15	d__Bacteria;p__Chloroflexota;c__Limnocylindria;o__QHBO01;f__QHBO01;g__JACDBZ01;s__	N/A	N/A	N/A	N/A	N/A	N/A	N/A	N/A	N/A	N/A	d__Bacteria;p__Chloroflexota;c__Limnocylindria;o__QHBO01;f__QHBO01;g__JACDBZ01;s__	taxonomic classification defined by topology and ANI	classification based on placement in class-level tree	GCA_035759945.1, s__JACDBZ01 sp035759945, 95.0, 87.12, 0.219; GCA_036380955.1, s__JACDBZ01 sp036380955, 95.0, 86.99, 0.193; GCA_035697845.1, s__JACDBZ01 sp025937535, 95.0, 86.88, 0.19	71.05	11	0.96124	N/A
LRP__binette_bin17	d__Bacteria;p__Gemmatimonadota;c__Gemmatimonadetes;o__Gemmatimonadales;f__GWC2-71-9;g__JACDDX01;s__	N/A	N/A	N/A	N/A	N/A	N/A	N/A	N/A	N/A	N/A	d__Bacteria;p__Gemmatimonadota;c__Gemmatimonadetes;o__Gemmatimonadales;f__GWC2-71-9;g__JACDDX01;s__	taxonomic classification fully defined by topology	classification based on placement in class-level tree	N/A	56.75	11	0.96288	N/A
LRP__binette_bin2	d__Bacteria;p__Actinomycetota;c__Thermoleophilia;o__Gaiellales;f__JAICJC01;g__JAICJC01;s__	N/A	N/A	N/A	N/A	N/A	GCA_036258075.1	95.0	d__Bacteria;p__Actinomycetota;c__Thermoleophilia;o__Gaiellales;f__JAICJC01;g__JAICJC01;s__JAICJC01 sp036258075	86.88	0.412	d__Bacteria;p__Actinomycetota;c__Thermoleophilia;o__Gaiellales;f__JAICJC01;g__JAICJC01;s__	taxonomic classification defined by topology and ANI	classification based on placement in class-level tree	GCA_035456145.1, s__JAICJC01 sp035456145, 95.0, 85.53, 0.245; GCA_025927685.1, s__JAICJC01 sp025927685, 95.0, 85.29, 0.319	84.05	11	0.97172	N/A
LRP__binette_bin21	d__Bacteria;p__Gemmatimonadota;c__Gemmatimonadetes;o__Gemmatimonadales;f__GWC2-71-9;g__JACDDX01;s__	N/A	N/A	N/A	N/A	N/A	N/A	N/A	N/A	N/A	N/A	d__Bacteria;p__Gemmatimonadota;c__Gemmatimonadetes;o__Gemmatimonadales;f__GWC2-71-9;g__JACDDX01;s__	taxonomic classification fully defined by topology	classification based on placement in class-level tree	N/A	40.11	11	0.97659	N/A
LRP__binette_bin22	d__Bacteria;p__Gemmatimonadota;c__Gemmatimonadetes;o__Gemmatimonadales;f__GWC2-71-9;g__JACDDX01;s__	N/A	N/A	N/A	N/A	N/A	GCA_036265635.1	95.0	d__Bacteria;p__Gemmatimonadota;c__Gemmatimonadetes;o__Gemmatimonadales;f__GWC2-71-9;g__JACDDX01;s__JACDDX01 sp036265635	88.83	0.242	d__Bacteria;p__Gemmatimonadota;c__Gemmatimonadetes;o__Gemmatimonadales;f__GWC2-71-9;g__JACDDX01;s__	taxonomic classification defined by topology and ANI	classification based on placement in class-level tree	N/A	47.46	11	0.98147	N/A
LRP__binette_bin29	d__Bacteria;p__Planctomycetota;c__MHYJ01;o__MHYJ01;f__JACPRB01;g__JACQFK01;s__	N/A	N/A	N/A	N/A	N/A	N/A	N/A	N/A	N/A	N/A	d__Bacteria;p__Planctomycetota;c__MHYJ01;o__MHYJ01;f__JACPRB01;g__JACQFK01;s__	taxonomic classification fully defined by topology	classification based on placement in class-level tree	N/A	58.54	11	0.94436	N/A
LRP__binette_bin35	d__Bacteria;p__Gemmatimonadota;c__Gemmatimonadetes;o__Gemmatimonadales;f__Gemmatimonadaceae;g__AG2;s__	N/A	N/A	N/A	N/A	N/A	GCA_021154325.1	95.0	d__Bacteria;p__Gemmatimonadota;c__Gemmatimonadetes;o__Gemmatimonadales;f__Gemmatimonadaceae;g__AG2;s__AG2 sp021154325	92.9	0.354	d__Bacteria;p__Gemmatimonadota;c__Gemmatimonadetes;o__Gemmatimonadales;f__Gemmatimonadaceae;g__AG2;s__	taxonomic classification defined by topology and ANI	classification based on placement in class-level tree	N/A	35.74	11	0.99203	Genome has more than 13.3% of markers with multiple hits
LRP__binette_bin4	d__Bacteria;p__Acidobacteriota;c__Thermoanaerobaculia;o__Gp7-AA8;f__Gp7-AA8;g__QHVT01;s__	N/A	N/A	N/A	N/A	N/A	N/A	N/A	N/A	N/A	N/A	d__Bacteria;p__Acidobacteriota;c__Thermoanaerobaculia;o__Gp7-AA8;f__Gp7-AA8;g__QHVT01;s__	taxonomic classification fully defined by topology	classification based on placement in class-level tree	N/A	85.66	11	0.96475	N/A
LRP__binette_bin7	d__Bacteria;p__Gemmatimonadota;c__Gemmatimonadetes;o__Gemmatimonadales;f__Gemmatimonadaceae;g__AG11;s__	N/A	N/A	N/A	N/A	N/A	GCA_036383935.1	95.0	d__Bacteria;p__Gemmatimonadota;c__Gemmatimonadetes;o__Gemmatimonadales;f__Gemmatimonadaceae;g__AG11;s__AG11 sp036383935	88.29	0.354	d__Bacteria;p__Gemmatimonadota;c__Gemmatimonadetes;o__Gemmatimonadales;f__Gemmatimonadaceae;g__AG11;s__	taxonomic classification defined by topology and ANI	classification based on placement in class-level tree	GCA_019510405.1, s__AG11 sp019510405, 95.0, 88.0, 0.35	61.06	11	0.9855	N/A
LRP__binette_bin9	d__Bacteria;p__Nitrospirota;c__Nitrospiria;o__Nitrospirales;f__Nitrospiraceae;g__Palsa-1315;s__	N/A	N/A	N/A	N/A	N/A	GCA_035607135.1	95.0	d__Bacteria;p__Nitrospirota;c__Nitrospiria;o__Nitrospirales;f__Nitrospiraceae;g__Palsa-1315;s__Palsa-1315 sp035607135	92.03	0.387	d__Bacteria;p__Nitrospirota;c__Nitrospiria;o__Nitrospirales;f__Nitrospiraceae;g__Palsa-1315;s__	taxonomic classification defined by topology and ANI	classification based on placement in class-level tree	GCA_035273365.1, s__Palsa-1315 sp035273365, 95.0, 88.88, 0.23	73.01	11	0.98699	N/A
LR__binette_bin1	d__Bacteria;p__Chloroflexota;c__Limnocylindria;o__QHBO01;f__QHBO01;g__DASSCW01;s__	N/A	N/A	N/A	N/A	N/A	GCA_036556325.1	95.0	d__Bacteria;p__Chloroflexota;c__Limnocylindria;o__QHBO01;f__QHBO01;g__DASSCW01;s__DASSCW01 sp036556325	88.25	0.513	d__Bacteria;p__Chloroflexota;c__Limnocylindria;o__QHBO01;f__QHBO01;g__DASSCW01;s__	taxonomic classification defined by topology and ANI	classification based on placement in class-level tree	GCA_035701185.1, s__DASSCW01 sp035701185, 95.0, 86.14, 0.388	86.16	11	0.98671	Genome not assigned to closest species as it falls outside its pre-defined ANI radius
LR__binette_bin13	d__Bacteria;p__Pseudomonadota;c__Gammaproteobacteria;o__Burkholderiales;f__SG8-39;g__SCGC-AG-212-J23;s__	N/A	N/A	N/A	N/A	N/A	N/A	N/A	N/A	N/A	N/A	d__Bacteria;p__Pseudomonadota;c__Gammaproteobacteria;o__Burkholderiales;f__SG8-39;g__SCGC-AG-212-J23;s__	taxonomic classification defined by topology and ANI	classification based on placement in class-level tree	GCA_035689325.1, s__SCGC-AG-212-J23 sp035689325, 95.0, 88.02, 0.343; GCA_035631735.1, s__SCGC-AG-212-J23 sp035631735, 95.0, 87.97, 0.239; GCA_005883675.1, s__SCGC-AG-212-J23 sp005883675, 95.0, 87.14, 0.278; GCA_035652275.1, s__SCGC-AG-212-J23 sp035652275, 95.0, 87.04, 0.288	76.29	11	0.9792	N/A
LR__binette_bin14	d__Bacteria;p__Bacillota;c__Bacilli;o__Bacillales_B;f__DSM-18226;g__Bacillus_BD;s__	N/A	N/A	N/A	N/A	N/A	N/A	N/A	N/A	N/A	N/A	d__Bacteria;p__Bacillota;c__Bacilli;o__Bacillales_B;f__DSM-18226;g__Bacillus_BD;s__	taxonomic classification fully defined by topology	classification based on placement in class-level tree	N/A	63.46	11	0.94913	N/A
LR__binette_bin18	d__Bacteria;p__Actinomycetota;c__Thermoleophilia;o__Gaiellales;f__Gaiellaceae;g__3-1-20CM-4-69-9;s__	N/A	N/A	N/A	N/A	N/A	N/A	N/A	N/A	N/A	N/A	d__Bacteria;p__Actinomycetota;c__Thermoleophilia;o__Gaiellales;f__Gaiellaceae;g__3-1-20CM-4-69-9;s__	taxonomic classification fully defined by topology	classification based on placement in class-level tree	N/A	80.58	11	0.95208	N/A
LR__binette_bin19	d__Bacteria;p__Gemmatimonadota;c__Gemmatimonadetes;o__Gemmatimonadales;f__GWC2-71-9;g__JACDDX01;s__	N/A	N/A	N/A	N/A	N/A	N/A	N/A	N/A	N/A	N/A	d__Bacteria;p__Gemmatimonadota;c__Gemmatimonadetes;o__Gemmatimonadales;f__GWC2-71-9;g__JACDDX01;s__	taxonomic classification fully defined by topology	classification based on placement in class-level tree	N/A	78.57	11	0.9669	N/A
LR__binette_bin21	d__Bacteria;p__Acidobacteriota;c__Terriglobia;o__Terriglobales;f__SbA1;g__Sulfotelmatobacter;s__	N/A	N/A	N/A	N/A	N/A	N/A	N/A	N/A	N/A	N/A	d__Bacteria;p__Acidobacteriota;c__Terriglobia;o__Terriglobales;f__SbA1;g__Sulfotelmatobacter;s__	taxonomic classification fully defined by topology	classification based on placement in class-level tree	N/A	69.64	11	0.98117	N/A
LR__binette_bin22	d__Bacteria;p__Pseudomonadota;c__Alphaproteobacteria;o__Sphingomonadales;f__Sphingomonadaceae;g__Sphingomicrobium;s__	N/A	N/A	N/A	N/A	N/A	N/A	N/A	N/A	N/A	N/A	d__Bacteria;p__Pseudomonadota;c__Alphaproteobacteria;o__Sphingomonadales;f__Sphingomonadaceae;g__Sphingomicrobium;s__	taxonomic classification fully defined by topology	classification based on placement in class-level tree	N/A	51.67	11	0.98337	N/A
LR__binette_bin24	d__Bacteria;p__Gemmatimonadota;c__Gemmatimonadetes;o__Gemmatimonadales;f__GWC2-71-9;g__JACDDX01;s__	N/A	N/A	N/A	N/A	N/A	N/A	N/A	N/A	N/A	N/A	d__Bacteria;p__Gemmatimonadota;c__Gemmatimonadetes;o__Gemmatimonadales;f__GWC2-71-9;g__JACDDX01;s__	taxonomic classification fully defined by topology	classification based on placement in class-level tree	N/A	54.75	11	0.96691	N/A
LR__binette_bin27	d__Bacteria;p__Gemmatimonadota;c__Gemmatimonadetes;o__Gemmatimonadales;f__Gemmatimonadaceae;g__UBA4720;s__	N/A	N/A	N/A	N/A	N/A	N/A	N/A	N/A	N/A	N/A	d__Bacteria;p__Gemmatimonadota;c__Gemmatimonadetes;o__Gemmatimonadales;f__Gemmatimonadaceae;g__UBA4720;s__	taxonomic classification fully defined by topology	classification based on placement in class-level tree	N/A	62.45	11	0.9752	N/A
LR__binette_bin28	d__Bacteria;p__Actinomycetota;c__Actinomycetes;o__Mycobacteriales;f__Mycobacteriaceae;g__Mycobacterium;s__Mycobacterium sp021154745	GCA_021154745.1	95.0	d__Bacteria;p__Actinomycetota;c__Actinomycetes;o__Mycobacteriales;f__Mycobacteriaceae;g__Mycobacterium;s__Mycobacterium sp021154745	96.83	0.571	N/A	N/A	N/A	N/A	N/A	N/A	ani_screen	classification based on ANI only	GCF_035649695.1, s__Mycobacterium sp035649695, 95.0, 85.35, 0.152	N/A	N/A	N/A	N/A
LR__binette_bin3	d__Bacteria;p__Gemmatimonadota;c__Gemmatimonadetes;o__Gemmatimonadales;f__GWC2-71-9;g__20CM-2-65-7;s__	N/A	N/A	N/A	N/A	N/A	N/A	N/A	N/A	N/A	N/A	d__Bacteria;p__Gemmatimonadota;c__Gemmatimonadetes;o__Gemmatimonadales;f__GWC2-71-9;g__20CM-2-65-7;s__	taxonomic classification fully defined by topology	classification based on placement in class-level tree	N/A	81.69	11	0.96368	N/A
LR__binette_bin31	d__Bacteria;p__Pseudomonadota;c__Gammaproteobacteria;o__Burkholderiales;f__Burkholderiaceae;g__Pseudoduganella;s__	N/A	N/A	N/A	N/A	N/A	N/A	N/A	N/A	N/A	N/A	d__Bacteria;p__Pseudomonadota;c__Gammaproteobacteria;o__Burkholderiales;f__Burkholderiaceae;g__Pseudoduganella;s__	taxonomic classification defined by topology and ANI	classification based on placement in class-level tree	GCF_009674485.1, s__Pseudoduganella rivuli, 95.0, 87.54, 0.245; GCF_009720865.1, s__Pseudoduganella ginsengisoli, 95.0, 86.69, 0.159	49.27	11	0.98347	N/A
LR__binette_bin5	d__Bacteria;p__Actinomycetota;c__Thermoleophilia;o__Solirubrobacterales;f__70-9;g__AC-56;s__	N/A	N/A	N/A	N/A	N/A	N/A	N/A	N/A	N/A	N/A	d__Bacteria;p__Actinomycetota;c__Thermoleophilia;o__Solirubrobacterales;f__70-9;g__AC-56;s__	taxonomic classification fully defined by topology	classification based on placement in class-level tree	N/A	87.31	11	0.95047	N/A
LR__binette_bin9	d__Bacteria;p__Gemmatimonadota;c__Gemmatimonadetes;o__Gemmatimonadales;f__GWC2-71-9;g__JACDDX01;s__	N/A	N/A	N/A	N/A	N/A	N/A	N/A	N/A	N/A	N/A	d__Bacteria;p__Gemmatimonadota;c__Gemmatimonadetes;o__Gemmatimonadales;f__GWC2-71-9;g__JACDDX01;s__	taxonomic classification fully defined by topology	classification based on placement in class-level tree	N/A	69.76	11	0.96629	N/A
LSP__binette_bin1	d__Bacteria;p__Pseudomonadota;c__Gammaproteobacteria;o__Enterobacterales;f__Enterobacteriaceae;g__Scandinavium;s__Scandinavium ludwigii_A	GCA_037572515.1	95.0	d__Bacteria;p__Pseudomonadota;c__Gammaproteobacteria;o__Enterobacterales;f__Enterobacteriaceae;g__Scandinavium;s__Scandinavium ludwigii_A	99.36	0.952	N/A	N/A	N/A	N/A	N/A	N/A	ani_screen	classification based on ANI only	GCF_033843285.1, s__Scandinavium sp033843285, 95.0, 86.99, 0.503; GCF_035593345.1, s__Lelliottia sp030238365, 95.0, 82.23, 0.154; GCF_036409475.1, s__Scandinavium sp036409475, 95.0, 83.9, 0.25; GCA_040750395.1, s__Scandinavium sp002470465, 95.0, 84.77, 0.337; GCA_009668205.1, s__Scandinavium sp009668205, 95.0, 84.18, 0.263; GCF_003935895.2, s__Scandinavium goeteborgense, 95.0, 94.77, 0.877; GCF_900215375.1, s__Scandinavium sp900215375, 95.0, 85.33, 0.363; GCA_014156375.1, s__Scandinavium sp014156375, 95.0, 84.24, 0.272; GCF_024764775.1, s__Scandinavium manionii, 95.0, 93.04, 0.804; GCF_024764835.1, s__Scandinavium hiltneri, 95.05, 92.79, 0.768; GCF_000164865.1, s__Enterobacter_B lignolyticus, 95.0, 82.85, 0.177; GCA_902706205.1, s__Scandinavium tedordense, 95.0, 91.82, 0.776; GCF_036271055.1, s__Scandinavium sp036271055, 95.0, 85.73, 0.404; GCA_036495715.1, s__Scandinavium sp036495715, 95.0, 85.89, 0.41	N/A	N/A	N/A	N/A
LSP__binette_bin14	d__Bacteria;p__Chloroflexota;c__Anaerolineae;o__Anaerolineales;f__Villigracilaceae;g__Defluviilinea;s__Defluviilinea sp035264425	GCA_035264425.1	95.0	d__Bacteria;p__Chloroflexota;c__Anaerolineae;o__Anaerolineales;f__Villigracilaceae;g__Defluviilinea;s__Defluviilinea sp035264425	96.88	0.693	N/A	N/A	N/A	N/A	N/A	N/A	ani_screen	classification based on ANI only	N/A	N/A	N/A	N/A	N/A
LSP__binette_bin17	d__Bacteria;p__Actinomycetota;c__Actinomycetes;o__Actinomycetales;f__Cellulomonadaceae;g__Sanguibacter;s__	N/A	N/A	N/A	N/A	N/A	GCF_000024925.1	95.0	d__Bacteria;p__Actinomycetota;c__Actinomycetes;o__Actinomycetales;f__Cellulomonadaceae;g__Sanguibacter;s__Sanguibacter keddieii	94.96	0.746	d__Bacteria;p__Actinomycetota;c__Actinomycetes;o__Actinomycetales;f__Cellulomonadaceae;g__Sanguibacter;s__	taxonomic classification defined by topology and ANI	classification based on placement in class-level tree	GCF_013415325.1, s__Sanguibacter inulinus, 95.0, 89.0, 0.202	67.93	11	0.99854	Genome not assigned to closest species as it falls outside its pre-defined ANI radius
LSP__binette_bin18	d__Bacteria;p__Pseudomonadota;c__Gammaproteobacteria;o__Burkholderiales;f__SG8-39;g__SCGC-AG-212-J23;s__	N/A	N/A	N/A	N/A	N/A	GCA_019509895.1	95.0	d__Bacteria;p__Pseudomonadota;c__Gammaproteobacteria;o__Burkholderiales;f__SG8-39;g__SCGC-AG-212-J23;s__SCGC-AG-212-J23 sp019509895	89.65	0.273	d__Bacteria;p__Pseudomonadota;c__Gammaproteobacteria;o__Burkholderiales;f__SG8-39;g__SCGC-AG-212-J23;s__	taxonomic classification defined by topology and ANI	classification based on placement in class-level tree	N/A	55.56	11	0.98163	N/A
LSP__binette_bin19	d__Bacteria;p__Chloroflexota;c__Dormibacteria;o__Dormibacterales;f__Dormibacteraceae;g__40CM-4-65-16;s__	N/A	N/A	N/A	N/A	N/A	N/A	N/A	N/A	N/A	N/A	d__Bacteria;p__Chloroflexota;c__Dormibacteria;o__Dormibacterales;f__Dormibacteraceae;g__40CM-4-65-16;s__	taxonomic classification fully defined by topology	classification based on placement in class-level tree	N/A	72.08	11	0.97182	N/A
LSP__binette_bin2	d__Bacteria;p__Acidobacteriota;c__Terriglobia;o__Terriglobales;f__SbA1;g__Gp1-AA142;s__Gp1-AA142 sp003224855	GCA_003224855.1	95.0	d__Bacteria;p__Acidobacteriota;c__Terriglobia;o__Terriglobales;f__SbA1;g__Gp1-AA142;s__Gp1-AA142 sp003224855	98.67	0.93	N/A	N/A	N/A	N/A	N/A	N/A	ani_screen	classification based on ANI only	N/A	N/A	N/A	N/A	N/A
LSP__binette_bin20	d__Bacteria;p__Acidobacteriota;c__Vicinamibacteria;o__Vicinamibacterales;f__2-12-FULL-66-21;g__QHWT01;s__	N/A	N/A	N/A	N/A	N/A	N/A	N/A	N/A	N/A	N/A	d__Bacteria;p__Acidobacteriota;c__Vicinamibacteria;o__Vicinamibacterales;f__2-12-FULL-66-21;g__QHWT01;s__	taxonomic classification fully defined by topology	classification based on placement in class-level tree	N/A	52.1	11	0.94541	N/A
LSP__binette_bin21	d__Bacteria;p__Actinomycetota;c__Actinomycetes;o__Mycobacteriales;f__Mycobacteriaceae;g__Mycobacterium;s__	N/A	N/A	N/A	N/A	N/A	N/A	N/A	N/A	N/A	N/A	d__Bacteria;p__Actinomycetota;c__Actinomycetes;o__Mycobacteriales;f__Mycobacteriaceae;g__Mycobacterium;s__	taxonomic classification defined by topology and ANI	classification based on placement in class-level tree	GCF_002591975.1, s__Mycobacterium neglectum, 95.0, 86.87, 0.244; GCF_000243415.2, s__Mycobacterium tusciae_A, 95.0, 86.38, 0.231; GCA_019749805.1, s__Mycobacterium sp019749805, 95.0, 85.97, 0.175; GCF_002086795.1, s__Mycobacterium tusciae, 95.0, 85.81, 0.19; GCF_010726765.1, s__Mycobacterium gallinarum, 95.0, 85.71, 0.186; GCF_025822765.1, s__Mycobacterium barrassiae, 95.0, 85.66, 0.163; GCF_000230895.2, s__Mycobacterium rhodesiae_A, 95.0, 85.65, 0.208; GCF_010726085.1, s__Mycobacterium moriokaense, 95.0, 85.61, 0.157; GCF_010728925.1, s__Mycobacterium gadium, 95.0, 85.43, 0.17	59.67	11	0.98665	N/A
LSP__binette_bin3	d__Bacteria;p__Acidobacteriota;c__Terriglobia;o__Terriglobales;f__SbA1;g__Gp1-AA122;s__	N/A	N/A	N/A	N/A	N/A	N/A	N/A	N/A	N/A	N/A	d__Bacteria;p__Acidobacteriota;c__Terriglobia;o__Terriglobales;f__SbA1;g__Gp1-AA122;s__	taxonomic classification fully defined by topology	classification based on placement in class-level tree	N/A	82.25	11	0.90152	N/A
LSP__binette_bin7	d__Bacteria;p__Gemmatimonadota;c__Gemmatimonadetes;o__Gemmatimonadales;f__GWC2-71-9;g__JACDDX01;s__	N/A	N/A	N/A	N/A	N/A	GCA_036566145.1	95.0	d__Bacteria;p__Gemmatimonadota;c__Gemmatimonadetes;o__Gemmatimonadales;f__GWC2-71-9;g__JACDDX01;s__JACDDX01 sp036566145	87.93	0.356	d__Bacteria;p__Gemmatimonadota;c__Gemmatimonadetes;o__Gemmatimonadales;f__GWC2-71-9;g__JACDDX01;s__	taxonomic classification defined by topology and ANI	classification based on placement in class-level tree	GCA_035688895.1, s__JACDDX01 sp035688895, 95.0, 86.45, 0.321; GCA_035278885.1, s__JACDDX01 sp035278885, 95.0, 85.74, 0.3	61.38	11	0.98537	N/A
LSP__binette_bin8	d__Bacteria;p__Gemmatimonadota;c__Gemmatimonadetes;o__Gemmatimonadales;f__GWC2-71-9;g__JACDDX01;s__	N/A	N/A	N/A	N/A	N/A	N/A	N/A	N/A	N/A	N/A	d__Bacteria;p__Gemmatimonadota;c__Gemmatimonadetes;o__Gemmatimonadales;f__GWC2-71-9;g__JACDDX01;s__	taxonomic classification fully defined by topology	classification based on placement in class-level tree	N/A	75.36	11	0.95769	N/A
LS__binette_bin1	d__Bacteria;p__Babelota;c__Babeliae;o__Babelales;f__Babelaceae;g__JACDHA01;s__	N/A	N/A	N/A	N/A	N/A	N/A	N/A	N/A	N/A	N/A	d__Bacteria;p__Babelota;c__Babeliae;o__Babelales;f__Babelaceae;g__JACDHA01;s__	taxonomic novelty determined using RED	classification based on placement in class-level tree	N/A	76.69	11	0.86612	N/A
LS__binette_bin10	d__Bacteria;p__Patescibacteriota;c__Saccharimonadia;o__Saccharimonadales;f__JALRBM01;g__JALRBM01;s__	N/A	N/A	N/A	N/A	N/A	N/A	N/A	N/A	N/A	N/A	d__Bacteria;p__Patescibacteriota;c__Saccharimonadia;o__Saccharimonadales;f__JALRBM01;g__JALRBM01;s__	taxonomic classification fully defined by topology	classification based on placement in class-level tree	N/A	59.63	11	0.96161	N/A
LS__binette_bin11	d__Bacteria;p__Pseudomonadota;c__Gammaproteobacteria;o__Burkholderiales;f__Burkholderiaceae;g__DASPLX01;s__	N/A	N/A	N/A	N/A	N/A	N/A	N/A	N/A	N/A	N/A	d__Bacteria;p__Pseudomonadota;c__Gammaproteobacteria;o__Burkholderiales;f__Burkholderiaceae;g__DASPLX01;s__	taxonomic novelty determined using RED	classification based on placement in class-level tree	N/A	40.29	11	0.96642	N/A
LS__binette_bin16	d__Bacteria;p__Pseudomonadota;c__Gammaproteobacteria;o__Burkholderiales;f__JACQAP01;g__JACQAP01;s__	N/A	N/A	N/A	N/A	N/A	N/A	N/A	N/A	N/A	N/A	d__Bacteria;p__Pseudomonadota;c__Gammaproteobacteria;o__Burkholderiales;f__JACQAP01;g__JACQAP01;s__	taxonomic classification fully defined by topology	classification based on placement in class-level tree	N/A	71.17	11	0.98423	N/A
LS__binette_bin18	d__Bacteria;p__Pseudomonadota;c__Gammaproteobacteria;o__Burkholderiales;f__Casimicrobiaceae;g__VBCG01;s__	N/A	N/A	N/A	N/A	N/A	N/A	N/A	N/A	N/A	N/A	d__Bacteria;p__Pseudomonadota;c__Gammaproteobacteria;o__Burkholderiales;f__Casimicrobiaceae;g__VBCG01;s__	taxonomic classification fully defined by topology	classification based on placement in class-level tree	N/A	68.65	11	0.94987	N/A
LS__binette_bin19	d__Bacteria;p__Gemmatimonadota;c__Gemmatimonadetes;o__Gemmatimonadales;f__Gemmatimonadaceae;g__UBA4720;s__	N/A	N/A	N/A	N/A	N/A	N/A	N/A	N/A	N/A	N/A	d__Bacteria;p__Gemmatimonadota;c__Gemmatimonadetes;o__Gemmatimonadales;f__Gemmatimonadaceae;g__UBA4720;s__	taxonomic classification fully defined by topology	classification based on placement in class-level tree	N/A	73.31	11	0.98457	N/A
LS__binette_bin2	d__Bacteria;p__Actinomycetota;c__Actinomycetes;o__Propionibacteriales;f__Propionibacteriaceae;g__JAJTCL01;s__	N/A	N/A	N/A	N/A	N/A	N/A	N/A	N/A	N/A	N/A	d__Bacteria;p__Actinomycetota;c__Actinomycetes;o__Propionibacteriales;f__Propionibacteriaceae;g__JAJTCL01;s__	taxonomic classification fully defined by topology	classification based on placement in class-level tree	N/A	91.1	11	0.98524	N/A
LS__binette_bin20	d__Bacteria;p__Nitrospirota;c__Nitrospiria;o__Nitrospirales;f__Nitrospiraceae;g__Nitrospira_C;s__	N/A	N/A	N/A	N/A	N/A	N/A	N/A	N/A	N/A	N/A	d__Bacteria;p__Nitrospirota;c__Nitrospiria;o__Nitrospirales;f__Nitrospiraceae;g__Nitrospira_C;s__	taxonomic classification fully defined by topology	classification based on placement in class-level tree	N/A	62.19	11	0.97801	Genome has more than 10.8% of markers with multiple hits
LS__binette_bin21	d__Bacteria;p__Acidobacteriota;c__Vicinamibacteria;o__Vicinamibacterales;f__UBA2999;g__JAMQPK01;s__	N/A	N/A	N/A	N/A	N/A	N/A	N/A	N/A	N/A	N/A	d__Bacteria;p__Acidobacteriota;c__Vicinamibacteria;o__Vicinamibacterales;f__UBA2999;g__JAMQPK01;s__	taxonomic classification fully defined by topology	classification based on placement in class-level tree	N/A	65.43	11	0.95786	N/A
LS__binette_bin26	d__Bacteria;p__Pseudomonadota;c__Gammaproteobacteria;o__Burkholderiales;f__SG8-41;g__JAQGMV01;s__	N/A	N/A	N/A	N/A	N/A	N/A	N/A	N/A	N/A	N/A	d__Bacteria;p__Pseudomonadota;c__Gammaproteobacteria;o__Burkholderiales;f__SG8-41;g__JAQGMV01;s__	taxonomic classification fully defined by topology	classification based on placement in class-level tree	N/A	70.83	11	0.94434	N/A
LS__binette_bin29	d__Bacteria;p__Actinomycetota;c__Acidimicrobiia;o__Acidimicrobiales;f__Ilumatobacteraceae;g__Ilumatobacter;s__	N/A	N/A	N/A	N/A	N/A	N/A	N/A	N/A	N/A	N/A	d__Bacteria;p__Actinomycetota;c__Acidimicrobiia;o__Acidimicrobiales;f__Ilumatobacteraceae;g__Ilumatobacter;s__	taxonomic classification fully defined by topology	classification based on placement in class-level tree	N/A	65.95	11	0.97208	N/A
LS__binette_bin3	d__Bacteria;p__Actinomycetota;c__Rubrobacteria;o__Rubrobacterales;f__Rubrobacteraceae;g__Rubrobacter_F;s__	N/A	N/A	N/A	N/A	N/A	GCA_035642415.1	95.0	d__Bacteria;p__Actinomycetota;c__Rubrobacteria;o__Rubrobacterales;f__Rubrobacteraceae;g__Rubrobacter_F;s__Rubrobacter_F sp035642415	93.29	0.604	d__Bacteria;p__Actinomycetota;c__Rubrobacteria;o__Rubrobacterales;f__Rubrobacteraceae;g__Rubrobacter_F;s__	taxonomic classification defined by topology and ANI	classification based on placement in class-level tree	GCA_019247245.1, s__Rubrobacter_F sp019247245, 95.0, 87.33, 0.24	88.48	11	0.99086	Genome not assigned to closest species as it falls outside its pre-defined ANI radius
LS__binette_bin30	d__Bacteria;p__Pseudomonadota;c__Gammaproteobacteria;o__Burkholderiales;f__Burkholderiaceae;g__JAEUPI01;s__	N/A	N/A	N/A	N/A	N/A	N/A	N/A	N/A	N/A	N/A	d__Bacteria;p__Pseudomonadota;c__Gammaproteobacteria;o__Burkholderiales;f__Burkholderiaceae;g__JAEUPI01;s__	taxonomic classification fully defined by topology	classification based on placement in class-level tree	N/A	49.7	11	0.96792	N/A
LS__binette_bin31	d__Bacteria;p__Actinomycetota;c__Thermoleophilia;o__Solirubrobacterales;f__70-9;g__VRUE01;s__	N/A	N/A	N/A	N/A	N/A	N/A	N/A	N/A	N/A	N/A	d__Bacteria;p__Actinomycetota;c__Thermoleophilia;o__Solirubrobacterales;f__70-9;g__VRUE01;s__	taxonomic classification defined by topology and ANI	classification based on placement in class-level tree	GCA_036271315.1, s__VRUE01 sp036271315, 95.0, 87.1, 0.318; GCA_033856195.1, s__VRUE01 sp033856195, 95.0, 86.68, 0.304; GCA_035554595.1, s__VRUE01 sp035554595, 95.0, 86.25, 0.325; GCA_030152805.1, s__VRUE01 sp030152805, 95.0, 85.52, 0.25; GCA_033856275.1, s__VRUE01 sp033856275, 95.0, 85.48, 0.249; GCA_035549645.1, s__VRUE01 sp035549645, 95.0, 85.45, 0.207; GCA_035548675.1, s__VRUE01 sp035548675, 95.0, 85.27, 0.188; GCA_035605695.1, s__VRUE01 sp035605695, 95.0, 84.86, 0.209; GCA_035997045.1, s__VRUE01 sp035997045, 95.0, 84.85, 0.226; GCA_036269215.1, s__VRUE01 sp036269215, 95.0, 84.62, 0.237; GCA_036496625.1, s__VRUE01 sp036496625, 95.0, 84.24, 0.167; GCA_946482365.1, s__VRUE01 sp946482365, 95.0, 83.93, 0.171; GCA_036376915.1, s__VRUE01 sp036376915, 95.0, 83.85, 0.151; GCA_036403515.1, s__VRUE01 sp036403515, 95.0, 83.83, 0.164; GCA_025450585.1, s__VRUE01 sp025450585, 95.0, 83.65, 0.159	76.55	11	0.97446	N/A
LS__binette_bin44	d__Bacteria;p__Acidobacteriota;c__Terriglobia;o__Terriglobales;f__SbA1;g__Gp1-AA122;s__	N/A	N/A	N/A	N/A	N/A	N/A	N/A	N/A	N/A	N/A	d__Bacteria;p__Acidobacteriota;c__Terriglobia;o__Terriglobales;f__SbA1;g__Gp1-AA122;s__	taxonomic classification fully defined by topology	classification based on placement in class-level tree	N/A	62.49	11	0.94821	Genome has more than 10.0% of markers with multiple hits
LS__binette_bin46	d__Bacteria;p__Pseudomonadota;c__Alphaproteobacteria;o__Rhizobiales;f__Xanthobacteraceae;g__Bradyrhizobium;s__	N/A	N/A	N/A	N/A	N/A	GCA_036554215.1	95.0	d__Bacteria;p__Pseudomonadota;c__Alphaproteobacteria;o__Rhizobiales;f__Xanthobacteraceae;g__Bradyrhizobium;s__Bradyrhizobium sp036554215	85.55	0.15	d__Bacteria;p__Pseudomonadota;c__Alphaproteobacteria;o__Rhizobiales;f__Xanthobacteraceae;g__Bradyrhizobium;s__	taxonomic classification defined by topology and ANI	classification based on placement in class-level tree	N/A	43.11	11	0.99123	N/A
LS__binette_bin7	d__Bacteria;p__Gemmatimonadota;c__Gemmatimonadetes;o__Gemmatimonadales;f__GWC2-71-9;g__JACDDX01;s__	N/A	N/A	N/A	N/A	N/A	N/A	N/A	N/A	N/A	N/A	d__Bacteria;p__Gemmatimonadota;c__Gemmatimonadetes;o__Gemmatimonadales;f__GWC2-71-9;g__JACDDX01;s__	taxonomic classification fully defined by topology	classification based on placement in class-level tree	N/A	82.96	11	0.96636	N/A
LS__binette_bin8	d__Bacteria;p__Nitrospirota;c__Nitrospiria;o__Nitrospirales;f__Nitrospiraceae;g__Palsa-1315;s__	N/A	N/A	N/A	N/A	N/A	N/A	N/A	N/A	N/A	N/A	d__Bacteria;p__Nitrospirota;c__Nitrospiria;o__Nitrospirales;f__Nitrospiraceae;g__Palsa-1315;s__	taxonomic classification defined by topology and ANI	classification based on placement in class-level tree	GCA_014379455.1, s__Palsa-1315 sp014379455, 95.0, 84.42, 0.183; GCA_039931295.1, s__Palsa-1315 sp039931295, 95.0, 84.34, 0.157; GCA_002869925.2, s__Palsa-1315 sp002869925, 95.0, 82.93, 0.167; GCA_005116885.1, s__Palsa-1315 sp005116885, 95.0, 82.92, 0.158	92.16	11	0.98055	N/A
LS__binette_bin9	d__Bacteria;p__Actinomycetota;c__UBA4738;o__UBA4738;f__HRBIN12;g__AC-51;s__	N/A	N/A	N/A	N/A	N/A	N/A	N/A	N/A	N/A	N/A	d__Bacteria;p__Actinomycetota;c__UBA4738;o__UBA4738;f__HRBIN12;g__AC-51;s__	taxonomic classification defined by topology and ANI	classification based on placement in class-level tree	GCA_036265325.1, s__AC-51 sp036265325, 95.0, 84.99, 0.316; GCA_036007245.1, s__AC-51 sp036007245, 95.0, 84.68, 0.312	72.48	11	0.97896	N/A
